{
    "AP": 0.0329773486528757,
    "AP50": 0.0781652945719923,
    "AP75": 0.0068236716586468045,
    "APs": 0.035627798041528214,
    "APm": 0.010749646393210747,
    "APl": 0.021039603960396034,
    "AR1": 0.03233173076923077,
    "AR10": 0.05576923076923077,
    "AR100": 0.05576923076923077,
    "ARs": 0.05777777777777778,
    "ARm": 0.04230769230769231,
    "ARl": 0.034375
}