{
    "AP": 0.03704337389502775,
    "AP50": 0.0820875379887545,
    "AP75": 0.013432781537441122,
    "APs": 0.03850814754818343,
    "APm": 0.007622158977031306,
    "APl": 0.02438118811881188,
    "AR1": 0.03257211538461539,
    "AR10": 0.065625,
    "AR100": 0.065625,
    "ARs": 0.06074074074074074,
    "ARm": 0.03461538461538462,
    "ARl": 0.04375
}